<?xml version="1.0" encoding="UTF-8"?>
<beans xmlns="http://www.springframework.org/schema/beans"
	xmlns:xsi="http://www.w3.org/2001/XMLSchema-instance"
	xmlns:context="http://www.springframework.org/schema/context"
	xmlns:p="http://www.springframework.org/schema/p"
	xmlns:jee="http://www.springframework.org/schema/jee"
	xmlns:mvc="http://www.springframework.org/schema/mvc"
	xmlns:beans="http://www.springframework.org/schema/beans"
	xsi:schemaLocation="http://www.springframework.org/schema/jee http://www.springframework.org/schema/jee/spring-jee-4.3.xsd
		http://www.springframework.org/schema/mvc http://www.springframework.org/schema/mvc/spring-mvc-4.3.xsd
		http://www.springframework.org/schema/context http://www.springframework.org/schema/context/spring-context-4.3.xsd
		http://www.springframework.org/schema/beans http://www.springframework.org/schema/beans/spring-beans.xsd">
	<context:annotation-config />
	
	<!-- mvc추가 -->
<mvc:annotation-driven>
   <mvc:message-converters>
      <bean class="org.springframework.http.converter.json.MappingJackson2HttpMessageConverter"/>
   </mvc:message-converters>
</mvc:annotation-driven>

	<context:component-scan
		base-package="lab.spring.parking" />
	<beans:bean id="viewResolver"
		class="org.springframework.web.servlet.view.InternalResourceViewResolver">
		<property name="prefix" value="/WEB-INF/view/" />
		<property name="suffix" value=".jsp" />
	</beans:bean>

	<!-- sqlSessionFactoryBean에 주입 -->
	<!-- JNDI기반 dataSource 설정 -->
	<jee:jndi-lookup id='dataSource'
		jndi-name='jdbc/oracle' resource-ref='true' />

	<bean id="dataSource"
		class="org.springframework.jdbc.datasource.DriverManagerDataSource"
		p:driverClassName="oracle.jdbc.OracleDriver"
		p:url="jdbc:oracle:thin:@70.12.50.134:1521:orcl"
		p:username="projectdb" p:password="projectdb" />


	<beans:bean id="sqlSessionFactory"
		class="org.mybatis.spring.SqlSessionFactoryBean">
		<property name="dataSource" ref="dataSource" />
		<property name="mapperLocations"
			value="classpath*:lab/mybatis/mapper/*.xml" />
	</beans:bean>

	<beans:bean id="sqlSession"
		class="org.mybatis.spring.SqlSessionTemplate">
		<constructor-arg index="0" ref="sqlSessionFactory" />
	</beans:bean>


</beans>
